Sequence_ID,Aligned_Sequence_Position,Residue_x,Original_Sequence_Position,Residue_y
7KP3,2,F,2,F
7KP3,5,H,5,H
7KP3,9,W,9,W
7KP3,20,F,20,F
7KP3,36,H,36,H
7KP3,48,Y,48,Y
7KP3,50,Y,50,Y
7KP3,73,H,73,H
7KP3,77,Y,77,Y
7KP3,88,Y,88,Y
7KP3,91,Y,91,Y
7KP3,93,H,93,H
7KP3,98,F,98,F
7KP3,108,F,108,F
7KP3,117,F,117,F
7KP3,127,F,127,F
7KP3,146,H,146,H
7KP3,147,F,147,F
7KP3,282,W,281,W
7WJW,282,F,75,F
7KP3,294,Y,293,Y
7WJW,304,F,97,F
7WJW,349,H,142,H
7KP3,386,F,385,F
7WJW,386,Y,177,Y
7KP3,417,F,416,F
7WJW,417,Y,208,Y
7WJW,419,H,210,H
7KP3,424,F,423,F
7WJW,437,Y,228,Y
7KP3,438,F,437,F
7KP3,462,Y,456,Y
7KP3,466,Y,460,Y
7KP3,469,W,463,W
7WJW,469,Y,260,Y
7KP3,470,F,464,F
7WJW,475,Y,266,Y
7KP3,480,W,474,W
7WJW,492,F,283,F
7KP3,494,F,488,F
7WJW,494,W,285,W
7WJW,500,W,291,W
7KP3,507,Y,501,Y
7WJW,518,H,309,H
7WJW,525,F,316,F
7KP3,526,Y,520,Y
7WJW,526,F,317,F
7KP3,547,Y,541,Y
7KP3,568,Y,562,Y
7WJW,571,Y,359,Y
7WJW,578,H,366,H
7WJW,589,W,377,W
7KP3,590,Y,584,Y
7WJW,618,H,406,H
7KP3,622,H,616,H
7WJW,700,Y,488,Y
7KP3,704,F,697,F
